Isletme_Adi,Telefon
Cihan bayan kuaförü,+905452435395
Saloon İbrahim Şimşek,+905314695127
RÇ HAİR SALON,+905432066503
Saloon İlhan,+905453577014
Kuaför Asiye,+902222201091
Suit Eskişehir Güzellik Merkezi,+905332692600
Bianca Beauty,+902223308330
ŞEYMA KAYA BEAUTY & MAKEUP STUDIO,+905342367746
Nikarich Eskişehir güzellik salonu,+905418296434
Özlem Kamış Beauty Center,+905057804448
Lochka Nail Lounge,+905411373978
Esra Çınar Beauty Lazer Epilasyon & Cilt Bakımı,+905331598699
Murat Karagöz Hair Artist,+905424093685
Es-Es Erkek Kuaförü 💇‍♂️✂️,+905356539399
Ömer Erkek Kuaförü,+905459374664
Jade Protez Tırnak,+905370203127
ESKİŞEHİR PROTEZ TIRNAK MERVE BEAUTY NAİL & BAR,+905399482118
Eskişehir Protez Tırnak Emine Erdal Beauty Studio,+905449449007
Eskişehir protez tırnak Büşra,+905303244954
Eskişehir Hande Güzellik Merkezi - İpek Kirpik - Protez Tırnak - Microblading,+902222336499
Sena Eskişehir Protez Tırnak & Nail Studio,+905550968826
Eskişehir protez tırnak ebru - EBRU UYGUN,+905301005836
Rezan Orcan EXCLUSIVE BEAUTY,+905522516029
Eskişehir Protez Tırnak Merkezi,+905419430415
Ulgen Beauty,+905056162600
Dazz Nail Studio,+905308742932
Buse Ateş Beauty Bar,+905050477726
Eskişehir Bayan Kuaförü Protez Tırnak - K&S Beauty Center,+905364000920
Dilek Karslı Beauty&Nail Kalıcı oje Protez tırnak,+905464931557
Venüs Nail Art,+905373280222
Ela Kırmızı Nail Studio,+905077387561
Aslıhan Kılıç Beauty Nail art,+905442602128
Eskişehir Esse Vip Güzellik Merkezi,+905558002663
Esse Life Eskişehir Güzellik Merkezi,+905010760626
Dore Güzellik Lazer Epilasyon & Cilt Bakımı,+905432067851
Irmak Güzellik Salonu ve Kalıcı Makyaj,+902222344110
Saloon NN Lazer Epilasyon & Zayıflama Merkezi,+905415672307
N&G Güzellik Salonu,+905074724752
Hülya Sayın Beauty Güzellik Merkezi Eskişehir,+905300927881
Este Lórien Lazer Epilasyon Eskişehir Güzellik Merkezi | Cilt Bakım,+902222208711
DK Güzellik Merkezi,+905523043526
Cansu Aslan Beauty Aesthetic Club,+905419338891
EDA BAĞCI KUAFÖR GÜZELLİK VE SOLARYUM MERKEZİ ESKİŞEHİR,+902223151319
SRK Güzellik Merkezi Eskişehir,+905014952626
ADA Güzellik Eskişehir,+905318505626
Buket Düz Eskişehir Güzellik Merkezi,+905425152994
Aylin Muradova Estetik & Güzellik,+905423288966
Evolusi Güzellik Merkezi Eskişehir Buz Lazer Epilasyon,+905377712600
Lucinda Beauty | Eskişehir Lazer Epilasyon & Protez Tırnak,+905010982326
BB Güzellik Merkezi Eskişehir,+905068386859
"Eskişehir Güzellik salonu, Lazer epilasyon, Bölgesel zayıflama Fundaca Beauty",+905065339220
"Luvera Beauty Eskişehir Güzellik Merkezi, Protez Tırnak, İpek Kirpik, Lazer Epilasyon,",+905059607485
NYSA GÜZELLİK SALONU,+905308598823
Estee Miss Güzellik Merkezi,+905432319000
KUAFÖR & GÜZELLİK SALONU | SALOON BERNA | 📍TEPEBAŞI ESKİŞEHİR,+905303771224
Selin Beauty Center Eskişehir,+905373119898
Eva Derma Clinic's BEAUTY CENTER,+905550660117
Yeşim konuk beauty,+905303034626
Eda'nın Güzellik Evi | Eskişehir Güzellik Salonu,+905458471575
Eskişehir Dermo-World Güzellik Salonu,+905425741821
Gamze Çelik Beauty Center,+905332562742
Yonca Güzellik Merkezi | Eskişehir Lazer Epilasyon Hizmeti | Eskişehir Dövme Silme,+902222202501
Fi Bella Güzellik Merkezi,+902222204404
Eskişehir Güzellik Merkezi - Esthezen Beauty Center,+905375007762
LOTUS GÜZELLİK,+902222316050
Tuuba Güzellik Salonu,+905052337477
Makbule Güzellik Salonu- Lazer Epilasyon- Kalıcı Kaş,+905438454193
ESKİŞEHİR DE BEAUTY CENTER,+905414871060
MB BEAUTY STUDIO ESKİŞEHİR,+905413767094
Eskişehir Özel Ada Akademi Güzellik Uzmanlığı Kursu,+905306842232
Solis Estetik & Güzellik Merkezi,+905057702621
Magia Güzellik Salonu Lazer Epilasyon Eskişehir,+905394236755
Mila Güzellik Eskişehir,+905013332616
Saniye Gökçe Güzellik Salonu,+905064816528
Melike Yüksel Güzellik Merkezi,+905423215172
High Care Center | Eskişehir Güzellik Merkezi,+905543639916
Fulltime Güzellik Salonu,+905525201314
MR Güzellik Salonu Merve Gül Eskişehir,+905522744227
Alya Güzellik Merkezi,+905464221095
Yasin & Dilek Kuaför Ve Güzellik Salonu,+902222337447
Eskişehir Aura Güzellik,+905423637319
San Kuafor Eskişehir,+905335992622
PERA GÜZELLİK SALONU,+905332705626
Güler Güzellik salonu,+905335239912
Cansu Ak Beauty Studio. GÜZELLİK SALONU,+905010034500
Erhan Akkaya | Kaynak Saç Merkezi | Eskişehir Kuaför,+902222207450
Filiz Ada Güzellik,+905539098113
Femix Güzellik Salonu,+902222312345
Este Muka Eskişehir Güzellik Salonu,+905526000507
Eskişehir Güzellik Merkezi - SPLUS,+905323308422
Seval Güzellik Salonu,+902222209028
Nergis Engüleç güzellik salonu Eskisehir,+905301261856
Eskişehir Esse Güzellik Salonu,+902222202507
Selay Güzellik Salonu,+902222390941
Tılsım Güzellik Salonu,+902222210870
Serpil Güzellik Salonu,+902222260212
Salon Ender Bayan Kuaförü,+902222330350
Ayna Güzellik Salonu,+902222202524
Ece Güzellik Salonu,+902222320662
Orkide Güzellik Salonu,+902222310282
Smokin Eskişehir Erkek Lazer Epilasyon,+905304253898
Ayfer Çetin Güzellik Salonu,+905412190629
Ayşe Güzellik Merkezi,+902222210925
Ay'Estetik Eskişehir Güzellik Merkezi,+905540040111
CEREN KUMRAL Bayan Kuaför & Güzellik Merkezi,+905078636495
Glamour Güzellik Salonu,+905323619049
Gizem Gerçekci Güzellik Salonu Eskişehir,+905370538404
Ferdi Şahin kuaför güzellik Eskişehir HAİR DESIGN,+905061799293
NİLGÜN DEMİR GÜZELLİK MERKEZİ,+905422280826
Eskişehir Kuaför Cansu & Uslu Hair Center,+905534722152
İstanbul Clinic Eskişehir Güzellik Merkezi,+905462556960
Doğan bayan kuaförü ve güzellik salonu,+902222306518
Eskişehir Kalıcı Makyaj,+905423858933
MC LİLYUM GÜZELLİK SALONU TEPEBAŞI/ESKİŞEHİR,+902222200132
İlkem Güzellik Merkezi,+905455161400
Aras Güzellik Salonu,+902222309561
VIENNA HAİR STUDİO ESKİŞEHİR,+905364914408
kuaför bilal,+902222253818
Veni Hair Studio | Eskişehir Kadın Kuaförü,+902222305600
Emel çil hair beauty ESKİŞEHİR KUAFÖR,+905427897507
ESKİŞEHİR AYFER GÜZELLİK SALONU,+902222342454
NAZLICAN ESEN make-up studio & beauty center,+905327071893
H&H Bayan Kuaförü,+902222334481
Stella Nail Studio | ESKİŞEHİR PROTEZ TIRNAK,+905469070326
Eskişehir Bayan Kuaför | Fatma Baydar Bayan Kuaförü,+905352586743
Murat Gamze Hair Make Up,+905307337543
Voo Doo Güzellik Salonu,+902222208248
kuaför ekrem kaçar Eskişehir protez saç,+905425474140
Canan Bayan Kuaförü ESKİŞEHİR,+905448593681
Mesut Aslı Şimşek Bayan Kuaförü,+905542187940
DermoPark Eskişehir Erkek Lazer Epilasyon & Cilt bakımı,+902222202252
Gülay Bayan Kuaförü,+902222397546
E&Y Bayan Kuaförü,+902222301610
Rabia Bayan Kuaförü,+905071252798
Feyza Bayan Kuaförü,+905433194717
Eskişehir bayan kuaförü Pakize Polat,+905344131626
Zks Zen Kuaför Salonları,+902223227600
Majör Bayan Kuaförü,+902223210057
AÇI HAIR CUT STUDIO,+902222258180
NAS BAYAN KUAFÖRÜ,+905548032649
Eskişehir Bayan Kuaförleri,+905433429764
Saloon e&n bayan kuaförü,+905367230426
New West Bayan Kuaförü,+905396125038
Mine Bayan Kuaförü - Eskişehir Gelin Başı,+905445303415
Giz Bayan Kuaförü,+905422074965
Kamil Tezel Bayan Kuaförü,+905364872344
Akın Köçekçi / Hair Lounge,+905419447252
Kadının Dünyası Bayan kuaförü,+902222342365
KUAFÖR NECDET BAY BAYAN BATIKENT,+902223150575
Salon26 Bayan Kuaförü,+905421016926
İMAY Bayan Kuaförü,+905354192147
Ali Akbaş Kuaför Beyaz,+902223211880
"Küçük Cem Kuaför, Peruk ve Kaynak Merkezi",+905324473026
Esse Bayan Kuaförü,+905417230585
Emel Bayan Kuaförü,+905394182319
KALİ KUAFÖR,+902222254555
Saloon A Kuaför/Beauty,+905302523688
Mine Bayan Kuaförü,+905067526496
HM Bayan Kuaförü & Güzellik Salonu,+902222340033
Glow Hair Studio,+902222201538
Tierra Kuaför,+902222050019
Saloon HY,+905345683828
Serdar Kadın Kuaförü,+905456024527
Saloon Mercan Bayan Kuaförü,+902222314800
Gürkan Bayraktar Kuaför - Saç Kesimi - Boyama - Gelin Saçı - Makyaj,+902222341115
Kuaför Yaren (Ergün BİNİCİ),+905357745882
Özlem Bayan Kuaförü,+905433730454
Kuaför Mesut,+902222209669
Derya Bayramlar Bayan Kuaförü Eskişehir,+905534554807
Ella Kuaför,+902222262659
Hasan Güder Bayan Kuaförü,+902222336219
Kuaför Biziz Recep Seyit Yahya,+902222303014
ESİN BAYAN KUAFÖRÜ,+902222392018
Millenium Bayan Kuaförü Kader,+902222343909
GOON Kuaför,+905333930821
BAYAN KUAFÖRÜ CİHAN KARAY,+905444890159
Sinem Turgut Saç Tasarımı,+905461102600
Cool Haır Style,+902225021801
Bayan kuaförü MURAT ÇELİK & HAIR DESING,+905383960202
Ali Aydın Bayan Kuaförü,+905459161154
Gizem Bayan Kuaförü,+905458449086
KADER GÜZELLİK VE KUAFÖR,+905543246634
BM bayan kuaförü,+905064799162
Kuaför Selda,+902222264731
Eskişehir Bayan Kuaförü Hanife - Eskişehir Bayan Kuaförü,+902222208512
Emel Toprak Kuaför Salonu,+905538438612
GİZ BAYAN KUAFÖRÜ SAÇ TASARIM VE GÜZELLİK (Suzan&Özlem),+905448167333
Luxe Kuaför,+905320656729
Bay bayan kuaförü yavuz,+905370478588
Hüsmen Acar Bayan kuaförü,+905546626151
SPECİAL HAİR DESİNG ART ESKİŞEHİR,+902222342914
EBRU ERMEÇ BAYAN KUAFÖRÜ,+905418798826
Tanju DOĞAN.kuaför,+905069383456
Salon İmaj İstanbul Güzellik Salonu Bayan Kuaförü,+905437820761
Hüseyin Bayan Kuaförü 2,+902222259666
Zeynep Bayan Kuaför,+905077923014
Çığ Bayan Kuaförü,+902222277534
Ilker Arslan,+902222340303
Lotus Bayan Kuaförü,+905436733458
Celal Eskici,+905432302533
KAOS KUAFÖR,+905353226275
Çağdaş Akyol Saç Tasarım Merkezi,+902222260658
Nurten Demir Bayan Kuaförü,+905011227297
fethi özkara haır master,+905388175717
Gönül Kuaför,+905058402826
Arzu Bayan Kuaför,+902222212092
Süleyman Çetin bayan kuaförü,+905548390245
Hanife ve Musa Bayan Kuaförü,+905362138490
Murat Hızlı Saç Tasarım,+905439321965
Neri Bayan Kuaförü,+905336266479
Sinem Sevgi Demirel Kuaför,+902222314221
NURCAN BAYAN KUAFÖRÜ,+905359479138
Bayan Kuaförü Ayla Metin,+902222341390
Kuaför Utkan,+902222340906
Mesut Bayan Kuaförü,+902222212818
Necla Bayan Kuaforu,+905422041134
TARZ ERKEK KUAFÖRÜ,+905067560997
Berber Eskişehir VIP (Serkan Mermer),+905446990026
Eskişehir Berber,+905066949200
Glose Barber Ayhan Demir,+905324381762
GLOSS ERKEK KUAFÖR / BERBER,+905403211314
By ÖZAL (BARBERS),+905435074940
Men’s Hair Volkan Yılmaz,+905435497522
Last Point Sezai Kılıç,+905367022554
SALOON SY,+905550832226
Ahmet Keskin Erkek Kuaför,+905305669926
SALON BY GOLD,+905345685050
Royal berber salonu,+905538746205
Berber İsmail Coşkun,+905353744474
S/D Serkan Demir Erkek Kuaförü,+905446820626
SALON ARİF.,+905455702626
Salon L E V E L,+905426800026
Kuaför Ahmet Uğur Şehir,+905417342626
Ali Küçük Berber,+905322964931
Gentlemen’s Hair Art,+905432619077
SANCHEZ HAİR ART,+905316506493
Erisa Barbershop,+905545842850
Mehmet Eker Berber,+905074772861
BEST BARBER SHOP & HAİR CUT EXPERT,+905398491355
By Yasin Ertunan Coiffeur & Hair Style | Eskişehir Erkek Berber Kuaför,+905379728436
Marcha Kuaför,+902227000005
Sinyor Hair Club,+905301361805
BERK ÇALIŞKAN HAIR GARAGE ( Kuaför & Berber ),+905350284119
Hair Station H&A,+905466350967
MR.Barber Club,+905530704548
Aykut kızılçay hair artist,+905063395499
Selçuk Gürsoy Mens Hair Artist,+905545534363
Resul çam hair ART,+905444082955
Kuaför Ümit Kara,+905546366414
KUAFÖR SEDAT,+902224089111
Muzaffer Özkan Hairstyle,+905538074226
Kuaför halil,+905555852624
Salon Arif,+902222334767
KURT'S HAIR STUDIO,+905541438419
Üniversal saloon,+905395040000
Nostalji Erkek Kuaförü BARBER'S CLUB,+902225021929
KUAFÖR ERCAN,+905372837700
Saloon By Burak,+905074955029
TA&BA SALON ERKEK KUAFÖRÜ,+905532476806
Berber Serif,+905355123256
Saray Erkek Kuaförü,+902222308107
Saloon kardeş,+905363794577
Erkek Kuaförü Erkan,+905546328780
Adens Berber,+905451453026
Saloon Aydın,+905414064957
Emre Aydın Erkek Kuaförü,+905392664419
Salon CC,+905544848037
ERKEK KUAFÖR HABİB HAIR ARTIST ESKİŞEHİR,+905415713154
Bambini Çocuk Kuaförü,+905345685522
METİN BAKİ Vip Kuaför/Berber,+905367439876
Kral Erkek Kuaförü,+905356275932
Akın Erkek Kuaförü,+905453906402
Sürpriz erkek kuaförü,+905302340026
The barber shop,+905423718178
Salon Figaro Efendi Erkek Kuaförü,+902222332702
Harun Aktaş kuaför & protez saç ve erkek saç kaynak merkezi Eskişehir,+905412264676
Viva Kuaför Emre TİMUR,+905058603400
Gold Erkek Kuaförü,+905058531044
Dostlarım Berber Salonu,+905455340573
Salon Prestij,+905435653315
AKIN AKSOY VIP ERKEK KUAFÖR / BERBER ESKİŞEHİR,+905063785669
Kuaför Hamdi,+905373064186
Eskişehir Kuaför | By Berber,+905372115233
Evde Berber Eskişehir,+905068526068
İsmail erkek kuaförü,+908502218960
KUAFÖR SÜLEYMAN,+905462313126
Sanat Eller Berber,+905392022605
Erkan Özdış Hair Artist,+905538423972
İshak Gencer Hair Artist,+905543845399
Doğruöz’s Hair Stylist,+905455826834
Berber Engin Şenel,+905464646996
Ustura makas Hakan ÇELİK barber shop,+905453992667
Gürkan Parfümeri Ve Kuaför Malzemeleri,+902222323633
SALOON 14/26 HAİR DESİGNERS,+905376650791
TWO BROTHER's SAÇ TASARIM MERKEZİ,+905438925568
Kırım Erkek Kuaförü,+905387164055
Saloon beyfendi,+905458700913
Fisilti kadin|Erkek Kuafor,+902223227110
Sedef erkek kuaförü,+902222211922
Tosbik Erman Çocuk Kuaförü& bebek kuaförü,+905385124514
Barber OĞUZAY,+905061576971
SALON HK,+905528262000
Eyüp's Erkek Kuaförü,+905057827223
Viva Stilist Erkek Kuaförü,+905467111982
Hair Palace,+905332153312
Unicut Hair Design,+905065746917
Kampüs Erkek Kuaförü,+905369710098
Onur Berber,+905064571357
ONUR ERKEK KUAFÖRÜ,+905434937939
️ ️SALOON SUNA ERKEK KUAFÖRÜ GALİPSUNA ️ ️,+905069052839
Polatkan Erkek Kuaförü,+905438524369
ALP GÜLTEKİN ERKEK KUAFORÜ,+905523831126
Salon kadir erkek kuaförü,+905465467643
Yaşayan Erkek Berberi,+905362368464
Black White Kadın Erkek Kuaförü,+902223358885
POPÜLER ERKEK KUAFÖRÜ,+905069988330
İSTANBUL ERKEK KUAFÖRÜ,+905452578899
SALON S&Y ERKEK KUAFÖRÜ,+905441120326
SALOON KERİM ERKEK KUAFÖRÜ,+905462837896
YNS ERKEK KUAFÖRÜ,+905493307474
West Erkek Kuaförü,+905417810247
Emir Erkek Kuaförü,+905365996802
ERKEK KUAFÖRÜ ERCAN,+905333268951
SALOON H&S BAY BAYAN KUAFÖRÜ,+905467267667
Kanka erkek kuaförü,+905067670922
By Hüseyin erkek kuaförü,+905345642088
Kurtuluş Erkek Kuaförü,+905353871434
İMA Kuaför Salonu,+905362687244
Favorim Erkek Kuaförü,+905417352626
SALOON LOOK & STYLE,+905416952631
Yüksel Kardeşler Erkek Kuaförü,+905368400794
Tuncay Gitgör Hair Artist,+905444762942
My way erkek kuaförü,+905425524086
Çınar Erkek Kuaförü,+905358509324
Hakan Erkek Kuaförü,+902222314015
Mert Okyay Erkek Kuaförü,+905301123826
Joker Erkek Kuaförü,+905416103592
Seçkin Erkek Kuaförü,+905495471000
Erkek Kuaförü,+905344850367
Buglem erkek kuaforu,+905537441514
Erhan Erkek Kuaförü,+905538662525
Clover Güzellik Merkezi,+902223330388
Çankaya Erkek kuaförü,+905374423445
Yeni Erkek Kuaförü,+905336277287
Ersoy Erkek Kuaförü,+905357022516
Zafer Erkek Kuaförü,+902222211965
Sıla erkek kuaförü,+905356809737
Çocuk kuaförü Salon HS,+905442626176
Dilara Elçin Güzellik Merkezi,+905320660226
Gören güzellik | lazer epilasyon | cilt bakımı | Buz diode lazer |,+905054788127
Eskplus Güzellik Merkezi,+905015420026
Daisy Lazer Epilasyon Dövme Silme Cilt Bakımı Salonu,+905449168822
Gentlemanlazer – Erkeklere Özel Lazer Epilasyon Eskişehir,+905499422002
Hebelife Estetik ve Güzellik Merkezi,+905070670086
Dejavu Center Güzellik Merkezi,+905469270026
Öznur Gök Eskişehir Lazer Epilasyon & Bölgesel İncelme,+905397006866
"Dr. Queens Beauty | Cilt Bakımı, Lazer Epilasyon, Kaş Dudak Renklendirme",+905442602882
222 Life Güzellik Merkezi,+905522224826
Tuğba Yeşilova Güzellik Ve Estetik Merkezi,+905467893901
Berna Gürcan Güzellik Salonu,+905378194555
Zeynep Soydan Beauty Center,+905448709391
DR. Hamdi Turhan | Dolgu Uygulamaları | Bağışıklık Tedavileri | Botoks,+905551650026
Neslim Güngen Eskişehir,+905344703418
Atasoy Beauty & Hair Center,+905378834141
Sena Gibi Güzellik Salonu,+905451541513
Merix Güzellik Salonu,+905526050198
Eslina Estetik ve Güzellik Yaşam Merkezi Odunpazarı Şubesi,+902222300312
RABİA TORUN Saç ve Güzellik Merkezi,+905444868185
Hacer KAPTAN Güzellik Merkezi,+905551970426
ÖZGE BERK GÜZELLİK,+905498223058
SBDERM GÜZELLİK VE ESTETİK,+905523116626
Op. Dr. Esen Karakaya | Eskişehir Burun Estetiği | Botoks & Botox | Dudak Dolgusu | Lazer Epilasyon,+902222257575
Mercan Deniz Güzellik Merkezi,+905428012635
Özlem Makas Clinica,+905462091143
Pınar Beauty Center,+905301360071
Sf beauty Studio,+905550665696
Ezgi Şahin Güzellik Salonu,+905334935026
The Beauty Room Eskişehir,+905326105997
Glow Beauty,+905459762491
Aysun Güzellik & Kaş salonu,+905537136406
Ays Beauty Center,+905425004545
Roselina güzellik merkezi,+905301703426
Anadolu Güzellik Merkezi,+902222205570
Rabia Okçu Estetik ve Güzellik Salonu,+905540066731
Buket karagöz beauty center,+905459262675
B’Estetik Güzellik Akademisi,+905325947296
Beauty Dream Center,+905529313709
aytugmercanguzellik,+905462939417
Karamel Solarium Beauty Center,+905305995765
Cafestetik,+905523716609
Lavinya Golden Eskişehir,+905059592626
Büşra Özcan Beauty,+905309541172
Nagihan Gök Beauty Center,+905397948393
Protez tırnak Eskişehir A&D nail room,+905342968934
Özge Güllüce Eskişehir Protez Tırnak & Nail Art,+905306491726
Nailbox,+905398141926
Mira Nail Art Eskişehir - Protez Tırnak - Kalıcı Oje,+905013575188
Fox nails protez tırnak,+905426753794
BABY LİPS BEAUTY,+905520050853
Cemre Protez Tırnak,+905343110103
Your Nails & Beauty Studio,+905521727752
Nails by Ebru protez tırnak stüdyosu,+905072330451
Ati Beauty Center,+905528185880
Sude Alapala Güzellik Merkezi,+905444205024
Viktoriya Ozkan Nail Art Studio,+905537276100
EsmaSultan & MakeUp & Türban Tasarım & GelinBaşı,+905445412682
AURVİA HAİR BEAUTY STUDIO,+905553962626
Sevdenur Abbasoğlu,+905073455209
Salon NORA,+902222374077
kuaför ayşe yalçıntaş,+905412989348
Yiğit Göney Kuaför,+905438261226
Ercan saç atolyesi,+905303030804
Sihirli Makas İmran Ayday,+905052363878
The Mood haır desıgn studıo,+905073628186
Moonlis Kuaför,+905416518986
Faik Cengiz Kuaför,+905422743740
Salon Cananca,+905432453426
KUAFÖR FARUK SELİME OLEROĞLU,+902222311989
Salon DİVA life,+902222255510
She&She Güzellik Atölyesi,+905414489717
SALON ÜLKÜ HAİR MAKE UP,+905468273146
Dilan Sıla Aytüre Bayan Kuaförü,+905431840626
Kuaför Ali Kemal,+905426807415
Saloon HK,+905078082564
KUAFÖR NADYA GÜZELLİK SALONU,+905511944701
Estetech saç tasarım merkezi,+905321560884
Berlin Güzellik Salonu,+905061309117
Gül Akkaya saç tasarım,+905432301132
Fatma Gül Bayan Kuaförü,+905307752190
FAMED Unisex Hair Saloon,+905311032279
Madame Sezz Bayan Kuaförü,+905464773737
Derya Durmaz Hair Art,+905054534539
SALON BUKLE,+905454882466
Bülent Duruk Garden,+902222253291
Kuaför Emre E/Z,+905527355195
Hair Stylist İlker,+905519568964
EVA Hair Bayan Kuaförü,+905534298679
Kuaför Ferdi Söylemez,+905068558373
Kuaför Ebru Akkoyun,+905533423928
Salon Ebru Polat,+905389277055
Salon Fatma,+905466842238
NÇ Hair Art,+905552590025
tugbakuaforsalonu_,+905467720652
Kuaför NALAN,+905387128136
Enes Öneş Hair Design,+905541642795
Ecem Yılmaz Kuaför & Güzellik Salonu,+905346314445
Glosse hair studio,+905516302870
Meltem Hair Studio,+905307042026
Raja hair&beauty studio,+905558079790
Semih Pullukcu Saç Atölyesi,+902224084840
Bloom Style,+905421217978
SALON ŞELALE,+905321544710
NAZAR YILMAZ BEAUTY CENTRE,+905327122911
Kırık Tarak Bayan Kuaförü,+902222203015
Işıltı Bayan Kuaforu,+905459762272
Sıla duru Bayan Kuaförü,+905426112685
Kuaför aslı,+902222304616
Hakan&Serap Bayan Kuaförü,+905433901037
Mus kuaför,+905353793245
Salon ayfer,+905448932118
Elay Bayan Kuaförü Eskişehir,+905448540462
Kuaför Dilek Sezer,+905393175475
Pukka Beauty Center,+905011762626
Mutlu Beauty,+905452823328
Çağla Kartal Beauty,+905350881514
Balmshine Beauty,+905406005010
"Çiğdem Güzellik Salonu | Cilt Bakımı, Lazer Epilasyon & Profesyonel Bakımlar",+905447427677
Aysu Aslan Güzellik-Makyaj-Tırnak,+905543493192
Sibel Poyraz Güzel Yaşam Merkezi,+905413577599
Gamze Yıldıral Güzellik Merkezi,+905444257855
Yüzyıl Güzellik Merkezi,+905327052665
Nua Beauty Lounge,+905066022442
Starlights Beauty Center / Buz Başlıklı Lazer Epilasyon & Cilt Bakımı & G5 Masajı Sıkılaşma,+905337330426
WingArt Beauty Studio,+905526875950
Hair Garage,+905384744734
New Hair Studio,+905545021578
Can Bozkurt Hair Studio,+905531995458
Bünyamin Korkmaz Hair Studio,+905438582511
Aura Hair,+905533003029
HASAN ÖZTÜRK HAİR ARTIST,+905425872614
Doğruöz’s Hair Stylist Çarşı Şube,+905427943066
ES-HAİR ESKİŞEHİR Protez Saç Merkezi,+905443269626
Boxbraids Eskişehir - Afrika Örgüsü Rasta Afro Eskişehir,+905533089431
HK Deluxe Beauty & Hair Center,+905051776368
Oğuz Uygun Hair Artist,+905354371514
Engin Hancı Hair Design,+905063114463
Yasin Özkan Unısex Hair Studio & Beauty Center,+905449763543
Merve Yaman Hair Design,+905309747550
Saloon mehtap Gökçe,+905428941193
Sapphire Hair Studio Eskişehir,+905446430219
NOOK Hair Design,+902222267000
Okyanus Hair Studio (ESKİŞEHİR),+905077077166
Kuaför Ramazan Nacir,+902222810091
Murat Dönmez Hair Artist,+905379602966
Hair Still Kuaför,+902222208274
Kuaför Işık Hair Home Studio,+902222266008
Gonca Özkan Kuaför ve Güzellik Merkezi,+905347603626
MG Beauty & Hair Studio,+905538746555
By kesim Sefa Öztürk hair artist,+905542412278
Hüseyin Kuaför,+902222217778
Mirabelle hair studios,+905467804322
Wella Osman Kuaför,+902222333431
AS GÜZELLİK SAÇ TASARIM,+905054505242
NOIR3 Saç Tasarım Atölyesi,+905321661438
SALON ALİ AKTAŞ PROTEZ SAÇ VE MİKRO KAYNAK SAÇ UYGULAMA VE TASARIM MERKEZİ ESKİŞEHİR TEPEBAŞI,+905417900444
Betül Güler Güzellik Merkezi ve Saç Tasarım,+905457992880
Fethi Saç Tasarım Merkezi,+902222346065
Ezgim Saç Tasarım,+902222252512
İlkay Saç Tasarım &Kuaför Salonu,+905459535424
Melisa kayabaşı saç ve güzellik merkezi,+902223402220
Serpil Garip Saç Tasarım & Makyaj (Bayan Kuaförü),+905365230337
Sema Günal Saç Tasarım Merkezi,+902222333587
Yasin pınar saç tasarım,+905362626190
Rose&White Saç Tasarım ve Güzellik Merkezi,+905452063444
Gülcan Alabaş Kuaför Saç Kaynak,+905453361965
SALON GÜLDEM BAYAN KUAFÖRÜ,+905457279563
Di&Tu Saç Tasarım Merkezi,+902222308564
AuraNailsEskişehir,+905316422389
Selen Gül Beauty & Nail Art,+905452580201
Aurora Nail & Hair Beauty,+902223354344
Trend nail,+905402442626
"A.S Nail World Tırnak,Ağda",+905449581408
Eylül Dabanlı Nail Studio,+905335063326
SY Nail Beauty Salon,+905520636181
HG NAIL CLUB KOZMETİK,+905335826026
Özge Kızılcık Nail & Beauty,+905332194222
Panda nail arts bar studio,+905464918295
Eda Tümkaya BeautySpa,+905536439817
Hi Beauty Nail,+905325947093
Selmata Beauty,+905446262661
B.B Beauty,+905466712696
Women's Beauty Center,+905524026459
Elmira Beauty Center,+905392639660
Karaca Beauty Center,+905533867658
Beauty Park,+902222341845
Mag Plus Eskişehir,+905078180163
Lunea Beauty Center,+905421752693
İrem ergün beauty lounge,+905453940510
MEA LİFE Estetik ve Güzellik Merkezi,+905052312536
Seda Türker Güzellik Merkezi Eskişehir,+905455526825
Forever Live İn Eskişehir,+905458598887
YS Beauty,+905325299715
Nalan Koyuncu Kalıcı Makyaj Stüdyosu,+905458282333
DERMODERN BEAUTY,+905337684581
RUNAIL ESKISEHIR,+905536380024
İlknur Güneş Beauty,+905324687077
CS Güzellik Salonu Cherie Seduire,+905331486012
Center Güzellik,+902224080874
Salon sudem,+905050740026
Destina Güzellik Salonu,+902222345063
Necla Dilman Beauty Centre,+905345873364
BD Güzellik ve Yaşam,+905543434191
Salon Müzeyyen,+905542610789
RA&ES BAYAN KÜAFÖRÜ Ve GÜZELLİK SALONU,+905075725638
Kadriye Güzellik Ve Kuaför Salonu,+902222200333
Fibella Güzellik Merkezi 2,+905536870528
Sare Güzellik Merkezi,+902222201998
Anabel & ilkem,+905524141048
Hicran Bayan Kuaförü,+902222292262
Rukiye Bayan Kuaförü,+905314029115
D&U ULUSSOY BAYAN KUAFÖRÜ,+905013330070
Ceylan Bayan Kuaförü,+905074957915
Ayşe Bayan Kuaförü,+905462722903
Saloon Tuğçe Bayan Kuaförü,+902222440040
Mimoza Bayan Kuaförü,+902222257396
Gül Mercan Bayan Kuaförü,+902222333569
ASLI DEMİREL BAYAN KUAFÖRÜ,+905443101708
Kuaför 87,+902222403118
Kuaför İnci,+902222242469
Soner Bayan Kuaförü,+905444430026
S,+905466575127
Reyhan bayan kuaför . Bella signoritta salonu,+905414039859
Bahar Özdemir Bayan Kuaförü,+905377041968
Royal Bayan Kuaförü,+905367292600
Bariş erkek kuaförü,+905425864227
Ejder men’s hair cut,+905304755626
Berkay Uyan Hair Design,+905051601057
Çalışkan ERKEK Kuaför,+905356236976
EMRE DÜVENCİ ERKEK KUAFÖRÜ,+905050261999
Saloon Kılıçlı,+905465822600
222 Barber CLUB,+905309598228
Kuaför Güney,+905307619564
Ali Rıza berber salonu,+905073477641
Saloon Fatih Uçar,+905427686960
Saloon Ali Erkek Kuaförü Berberi,+905066633424
Saloon style,+905531692669
Elit erkek kuaförü,+905067098991
Sezer Erkek Kuaförü,+905304701838
Akay Erkek Kuaförü,+905465826935
Bozdemir Erkek Kuaförü,+905545962690
Yasin Erkek Kuaförü,+902222372526
Samet Şen Erkek Kuaförü,+905057670924
Saloon x erkek kuaförü,+905532626112
Öz Yaşayan Erkek Kuaförü,+905433879476
Buğlem Erkek Kuaförü,+905061214817
Şahin Erkek Kuaförü,+905365788243
Olcay Erkek Kuaförü,+905323701210
Sima Erkek kuaförü,+905373068144
Özdemir Erkek Kuaförü,+905445856763
Esparis Güzellik Salonu,+902222252529
Özlem Yılmaz Beauty,+905057650540
Kübra Gündüz Hair & Beauty,+905513971400
Elif yoldaş beauty center,+905339782600
Yelda Değirmenci Güzellik Merkezi & Kuaför,+905521663326
YD Clinic,+905461765426
Havva Kaya Beauty,+905547724885
Buket Çoban Beauty,+905075737477
Asiye Nur Beauty,+905441710299
Eylül beauty center,+905383113907
Aslı Keskin Beauty Studio,+905015162626
Serhat Özdemir Beauty Studio,+905374702001
ÇİĞDEM BEAUTY CENTER,+905320678626
Mehtap Yılmaz Kuaför&Güzellik,+905527918376
Salon zeynur,+905326206572
Murat Günalay (Muarrt Hair),+905394888346
YAĞIZ TOSUN Hair stüdio,+905323239168
Saloon Özde,+905465971395
Elçin Eke Vip Beauty Studio,+905068123506
Efe Şimşek Hair Studio,+905077805949
Pınar hair beauty,+905525233819
Saloon Ahenk,+905547811550
Saloon MD,+905455839526
cixss hair metin bayan kuaförü,+905433798329
Zehra Singer Hair Designer,+905437276826
Salon özlem,+905467349005
Lider Kozmetik Ve Kuaför Malzemeleri,+902222345815
Kuaför Siyami,+902222317044
Kuaför Firdevs,+902222309805
Mercan kuafor,+905343910481
no8 gym,+905533934663
ESKİŞEHİR ERK SPOR KULÜBÜ,+905392782244
Kübra BEAUTY,+905418233518
Aze beauty,+905305949173
Saloon Bella - Beytullah İmre,+905051017881
Mia Güzellik Salonu,+905319481831
Mira Beauty Güzellik Salonu,+905402502626
Amiens France,+905451301712
Nyssa Glow Güzellik Salonu,+905448784245
Zeta Güzellik ve Estetik Merkezi,+905312156261
Mebel Beauty,+905301185826
Füsun Yaldız Kuaför & Güzellik Salonu,+905522112150
Zülfiye Güzellik Salonu,+902222212271
Zaria güzellik salonu,+905442172924
PIRLANTA GÜZELLİK VE KUAFÖR SALONU,+905354645161
SU MİSALİ KUAFÖR SALONU,+905393145291
Tilve Güzellik Salonu,+902222323732
H&S Kuaför ve Güzellik Salonu,+905547811108
Bayan Kuaförü Mustafa Gözcüoğlu,+905067385222
Cumhur Bayan Kuaförü,+905363795870
CANNES 84 BAYAN KUAFÖRÜ,+902222336377
Osman Konukçu Kuaför,+905380741606
KUAS KUAFÖR,+905461262064
Mustafa CEYLAN Salon De Coiffure,+902222217596
Saloon Neslihan Bayan Kuaför,+902223309062
Simla Bayan Kuaförü,+905427271265
BURCU BAYAN KUAFÖRÜ,+905548056140
Tülay Bayan Kuaförü,+902223223028
Kuaför Sibel,+902223300340
Fatoş Bayan Kuaförü,+905304348798
Kuaför Kemal,+902222336082
Pınar sesli hair beauty,+905453940340
Saloon destinee bayan kuaförü,+905313168409
Özlem Bayan Kuaförü,+905342291736
Saloon she,+905322580951
Elit Kuaför,+902222210342
gülis kuaför,+905076701716
Serdar Duruk Bayan Kuaförü,+905452823928
İrem bayan kuaförü,+905053745404
salon iklimya bayan kuaför,+902224084848
Engin Çıngırak Kuaför,+905422633222
Trend Bayan Kuaförü nedim,+905068914028
Yasin Ovalı Hair Master,+905427609815
Ayten Bayan Kuaförü,+905434011601
HARUN’S BARBERSHOP (ERKEK KUAFÖRÜ),+905453550981
PRIME HAİR CUT,+905413901409
BERBER Serdar ÇOBANOĞLU,+905077321516
Berber Yaşar,+905468862937
SALOON Daniş,+905413620401
Saloon Fatih,+905532490350
Royal Golden,+905055813904
OĞUZHAN SOYUTEMİZ HAİR MASTER,+905396050205
VENOM HAİR,+905518851934
Erkek Kuaförü Orhan Köse,+905466701626
Artisan Unisex Kuaför,+905339288626
Ber Və berber class,+905548338324
The Royal Touch Hair Studio,+905378767919
Oğuzcan Yılmaz Hair Art Center (Erkek Kuaförü),+905415543948
Sil Baştan Kuaför Salonu,+905079616260
Salon Öner,+905313848782
MODEL ERKEK KUAFÖRÜ,+905348641991
Kuaför Ramazan,+905323929319
Yıldız Saloon,+905054733647
İshak Berber Salonu,+905535007373
Saloon Bros Erkek Kuaförü,+905312688519
Kuaför Oğuz,+905423052860
Murat Erkek Kuaför,+905536471190
MOD kuaför,+902223230223
Poyraz erkek kuaförü,+905050166093
Salon cuma,+905344588362
Uysal Erkek Kuaförü,+905444134115
Can Ağaçseven,+905459783391
Saloon Fidan Hair Artist,+905302660965
SALOON EMRE,+905365687561
MG Erkek Kuaförü,+905372772800
Salon Özgür Erkek Kuaförü,+905550304426
Birol Ozan Erkek Kuaförü,+905376002326
SALOON ALTINOK Erkek Kuaförü,+905464166862
Cadde erkek kuaförü,+905510778154
Salon Ara Makas erkek kuaförü,+905359530226
ALTIN ERKEK KUAFÖRÜ,+905354487089
Batı Yakası Erkek Kuaförü Ersin,+905434736139
Firat Erkek Kuaförü,+905393485730
SECKIN ERKEK KUAFORU,+905387967869
Saloon emre ertoğan erkek kuaförü,+905469491965
Nirvana Hair Studio,+905077131738
Erkek Kuaförü İsmail Eskişehir,+905399312606
Ahmet erkek kuaförü,+905435080947
Hulita makeup guzellik,+905335189569
RD Beauty Center - Rabia DEMİR,+905376163896
G-Key Beauty Art,+905324963857
Nur beauty bar,+905057770128
Rarebeautyeskisehir,+905458138408
Elif Ezgi Estetik Ve Güzellik,+905376274386
Flz&Beauty,+905316453662
Betül Uyanık,+905469568820
Ebru Gencebay Beauty,+905525468626
HT Vip Estetik Ve Güzellik Merkezi,+905469270086
Melike Funda Yaman Coiffeur,+905466150110
No.2 Hair And Make-up Studio,+905467248027
Çağrı Arı Hair Stylist,+905533136337
Gizem Yaşar Hair Studio,+905435420513
Kadir Özmen Saç Atölyesi,+905459493526
Adem yıldız hair studio,+905058708142
SKIN REPAIR HAİR STUDIO BEAUTY CENTER,+905071510216
PELART KUAFÖR,+905075982613
Yaren EKE Kuaför,+905058777905
Ayfu Güzellik Merkezi,+905012556501
Healthy Beauty Sağlık ve Güzellik Merkezi,+905469182726
ReSkin Beauty Studio,+905524019226
Saloon V & T Hair,+905356695504
MBY Hair Studio,+905532919274
Antiochia Hair Studio,+905342046440
Alparslan Arıcı Hair Design,+905428218219
KUAFÖR KIYMET,+905318599427
silanitanailstudio,+905524459986
marrylightnailart,+905413611332
kelebek nail saloon,+905392425510
"Sevil Altınyıldız Güzellik Akademisi, Kalıcı kaş ve Dudak Renklendirme",+905423888933
Mahri Beauty Nailbar,+905531741865
Nurhan Öz Beauty Center,+905356253971
Özgür Kadın Beauty Center,+905317969487
Beauty Shop,+902222201017
İlayda Yazaydın Beauty Center,+905327000610
Sevgi Erul Beauty Center,+905059136971
MOUND BEAUTY CENTER DOKTORLAR,+905335540944
N&D Beauty House,+905309982688
Hilal Işık Hair Beauty,+905424364825
Kübra Ünal Saç ve Güzellik salonu,+905333701679
Betülay Kuaför Salonu,+905377899098
MELİH BERBER SALONU,+905050144926
Kuaför Tamer Ümit,+902222219351
Ay Güzellik Merkezi,+905060991522
Santemorr Eskişehir,+905446348848
X,+905526235093
Berber İbrahim Erkek Kuaförü,+905438266383
Zeren Beauty Center,+905528089424
Dr.Selen Kocabıyık,+905366626126
Gç,+905307227309
Yeliz Yalan Bayan Kuaförü,+905465468697
222 Kuaför Salonu (Ferhat Kara),+905454174260
AHEZ KUAFÖR SALONU,+905469116991
Ayça Bayan Kuaförü,+905435828818
Teksan berber latif,+905335698289
Salon keyf-i tıraş erkek kuaförü,+905052624791
Erkek Kuaföru Kadir,+905058676433
MERT ERKEK KUAFÖRÜ,+905071988327
Şevik Erkek Kuaförü / Hasan Şevik,+905436812985
ERKEK KUAFÖRÜ AHMET,+905418624948
Güç Erkek Kuaförü,+905459248667
Ayaz erkek kuaförü,+905461100303
Seval Güzellik Uzmanlığı Kursu,+902222314299
Eskişehir Protez tırnak Chérie Beauty,+905065441900
.......,+905422602615
"Afyon Güzellik Merkezi, NK GÜZELLİK SALONU,Afyon Cilt Bakımı,Protez Tırnak,Lazer Epilasyon,Bölgesel İncelme,İpek Kirpik",+905557521821
By Mert Saç Tasarım Merkezi (Berber),+905394953556
CC VIP MOBİL BERBER,+905402540666
yasin bayrak hairclub,+902222209884
SALOON 26 ERKEK KUAFÖRÜ,+905304497768
"Berber, Relax Erkek Kuaförü, İbrahim AKTAŞ",+905458761018
(YAŞAMKENT) POYRAZ BERBER,+905079774496
Br.FurkanBAŞOL HAİR DESİGN STUDİO,+905443400674
ELYA KOZMETİK KUAFÖR MARKET,+905452810101
Berber hacı,+905077278223
Nsm Vıp Barber 's Clup,+905422980406
ARTUN ERKEK KUAFÖRÜ,+905459030031
Güngör Bayan Kuaförü,+905446369979
Ekosta bayan kuaförü YUNUS KAPLAN,+905452597748
ESİNTİ BAYAN KUAFÖRÜ,+905058131397
E&F Bayan Kuaförü Yenikent Sincan,+905453998577
GÜL KUAFÖR - POLATLI,+905056830309
Crystal Plus Medikal Estetik (Kristal güzellik salonu),+905327039272
Prof.Dr.Yakup Karabağlı,+905307125216
Enki.Nihan,+905447109007
Ege Güzellik Salonu,+902222308085
Sun Plus Solarium,+902222303151
Erlamer,+902222321208
Jase Güzellik Salonu,+902222251992
Duru Kuaför Ve Güzellik Salonu,+902222306068
Tibet Bayan Kuaförü,+902222346931
SALOON İKİZLER,+905055564862
Salon AHMET AYDIN,+905432370821
Classis Bayan Kuaförü,+902222318698
Huri Bayan Kuaförü,+905462631930
Mercansu guzellik,+905446030735
Eskişehir Bayan Kuaför Mobilyaları,+905523995148
Yalçın Bayan Kuaförü,+905333690656
Duru Bayan Kuaförü,+905413145550
Gülten Bayan Kuaförü,+905427891866
NP BAYAN KUAFÖRÜ ~NURCAN POYRAZ~,+905457204155
Turan Erkek Kuaförü,+905386282986
Aura Beauty Studio Ankara - Protez Tırnak Eryaman - Nail Art Kalıcı Oje (Batıkent Güzellik Merkezi) Güzellik Salonu,+905327340826
Erkek Kuaförü Nebi Koçak,+905319126822
Men's hairdresser,+905320591826
Kutlu erkek kuaförü,+905325666424
Gamzesertgüzelliksalonu,+905317965111
Aura Life,+905325804726
Merve Akso Beauty Center,+905071132677
KUAFÖR SİNEM,+905528234226
VİA GAGA EPİLASYON VE GÜZELLİK MERKEZİ,+905321789289
Marbling Beauty Center,+902222212125
Mina Güzellik Merkezi,+905467700026
Buke Güzellik Merkezi Eskişehir,+905357952994
Burcu Bozkurt Beauty,+905058794378
Sofia Beauty Center & Güzellik Salonu,+905421285126
Ayşenur Şahin Beauty & Make Up,+905333449698
BELLA BEAUTY SONGÜL TORUN,+905447778131
Slimworld Eskişehir,+905318940481
Kuaför Semih,+905398459656
Osman aktepe sac tasarım kulubü,+905534363560
HAN KUAFÖR PRIME,+905448325343
Han kuaför,+905378210304
Salon Han bilgehan ekinci saç kaynak merkezi,+905375533772
By Kuaför Erhan,+905555857143
HAN KUAFÖR ÇEŞME,+905350467244
The Han Hair Design Studio,+905326992054
Han Kuaför By Gökhan,+905331530375
Yiğit Han Berberi,+905434464340
Elif beauty center,+905345862695
Queen Kuaför Ve Güzellik Salonu,+905546931664
Selin Türkmen Solarıum Studıo,+905434088828
Mus Kuaför,+902222201155
Yenilmez Erkek Kuaförü,+902222206866
KUAFÖR NECDET BAY BAYAN SÖĞÜTÖNÜ,+902223140014
Park Lavanta,+905323882682
KÜRŞAT ARAS Saç Kesim Atölyesi,+905380781928
Gözde Erkek Kuaförü,+905458777277
Aura Beauty Studio,+905439351320
Salon Hasan Demirtaş,+905367133616
Buse Akar Güzellik Merkezi Eskişehir,+905424621448
CHANNEL HAİR ESKİŞEHİR SAÇ KAYNAK MERKEZİ,+905547517610
Bi Dünya Döner,+905402438692
Tolunay Ekin Nail Studio,+905330552167
Eva•Be’Lounge,+905304193436
NC bayan kuaför,+905453373897
Ayışığı Bayan Kuaförü,+905068445942
Ayhan Bayan Kuaförü,+905435987618
FATMAZEL BAYAN KUAFÖRÜ,+905399451936
Aygün Bayan Kuaförü,+902222203795
Hürriyet Mahallesi Muhtari,+905397248360
